Datetime,Water Level (m)
2026-01-03 18:00:00,0.010938467
2026-01-03 19:00:00,0.73938847
2026-01-03 20:00:00,1.2147876
2026-01-03 21:00:00,1.4872161
2026-01-03 22:00:00,1.3959055
2026-01-03 23:00:00,0.9776254
2026-01-04 00:00:00,0.5082384
2026-01-04 01:00:00,0.0173234
2026-01-04 02:00:00,-0.4502094
2026-01-04 03:00:00,-0.89856255
2026-01-04 04:00:00,-1.324678
2026-01-04 05:00:00,-1.4898447
2026-01-04 06:00:00,-0.76313853
2026-01-04 07:00:00,0.010174893
2026-01-04 08:00:00,0.6236709
2026-01-04 09:00:00,0.97608083
2026-01-04 10:00:00,1.0147535
2026-01-04 11:00:00,0.69975346
2026-01-04 12:00:00,0.27009207
2026-01-04 13:00:00,-0.16823857
2026-01-04 14:00:00,-0.60907906
2026-01-04 15:00:00,-1.0393494
2026-01-04 16:00:00,-1.4189347
2026-01-04 17:00:00,-1.5216688
2026-01-04 18:00:00,-0.70405763
2026-01-04 19:00:00,0.19453321
2026-01-04 20:00:00,0.941953
2026-01-04 21:00:00,1.420885
2026-01-04 22:00:00,1.5794058
2026-01-04 23:00:00,1.3099016
2026-01-05 00:00:00,0.8478983
2026-01-05 01:00:00,0.35086352
2026-01-05 02:00:00,-0.14672852
2026-01-05 03:00:00,-0.60987145
2026-01-05 04:00:00,-1.0660709
2026-01-05 05:00:00,-1.4473118
2026-01-05 06:00:00,-1.3943502
2026-01-05 07:00:00,-0.6154032
2026-01-05 08:00:00,0.16374928
2026-01-05 09:00:00,0.720053
2026-01-05 10:00:00,1.0305662
2026-01-05 11:00:00,0.99623805
2026-01-05 12:00:00,0.6316196
2026-01-05 13:00:00,0.19680707
2026-01-05 14:00:00,-0.24012758
2026-01-05 15:00:00,-0.68864477
2026-01-05 16:00:00,-1.1049702
2026-01-05 17:00:00,-1.4557579
2026-01-05 18:00:00,-1.3024094
2026-01-05 19:00:00,-0.47216877
2026-01-05 20:00:00,0.42074424
2026-01-05 21:00:00,1.0672297
2026-01-05 22:00:00,1.4586145
2026-01-05 23:00:00,1.5073919
2026-01-06 00:00:00,1.1371385
2026-01-06 01:00:00,0.67658263
2026-01-06 02:00:00,0.17878996
2026-01-06 03:00:00,-0.3045444
2026-01-06 04:00:00,-0.76539034
2026-01-06 05:00:00,-1.204016
2026-01-06 06:00:00,-1.5051044
2026-01-06 07:00:00,-1.1160545
2026-01-06 08:00:00,-0.36144137
2026-01-06 09:00:00,0.3884819
2026-01-06 10:00:00,0.8574436
2026-01-06 11:00:00,1.0833962
2026-01-06 12:00:00,0.9424848
2026-01-06 13:00:00,0.53951097
2026-01-06 14:00:00,0.1019803
2026-01-06 15:00:00,-0.33282393
2026-01-06 16:00:00,-0.77304953
2026-01-06 17:00:00,-1.1854479
2026-01-06 18:00:00,-1.4753661
2026-01-06 19:00:00,-1.0541819
2026-01-06 20:00:00,-0.23527895
2026-01-06 21:00:00,0.582697
2026-01-06 22:00:00,1.1198368
2026-01-06 23:00:00,1.4029816
2026-01-07 00:00:00,1.3123392
2026-01-07 01:00:00,0.894141
2026-01-07 02:00:00,0.43003199
2026-01-07 03:00:00,-0.051056918
2026-01-07 04:00:00,-0.5106525
2026-01-07 05:00:00,-0.95162314
2026-01-07 06:00:00,-1.3660433
2026-01-07 07:00:00,-1.5449541
2026-01-07 08:00:00,-0.90418106
2026-01-07 09:00:00,-0.137062
2026-01-07 10:00:00,0.515907
2026-01-07 11:00:00,0.9202935
2026-01-07 12:00:00,1.0515183
2026-01-07 13:00:00,0.8242064
2026-01-07 14:00:00,0.41398466
2026-01-07 15:00:00,-0.019132791
2026-01-07 16:00:00,-0.4453237
2026-01-07 17:00:00,-0.86626923
2026-01-07 18:00:00,-1.2617893
2026-01-07 19:00:00,-1.4454316
2026-01-07 20:00:00,-0.7926787
2026-01-07 21:00:00,-0.017763136
2026-01-07 22:00:00,0.6562501
2026-01-07 23:00:00,1.0977236
2026-01-08 00:00:00,1.2610812
2026-01-08 01:00:00,1.0443301
2026-01-08 02:00:00,0.62662196
2026-01-08 03:00:00,0.16669564
2026-01-08 04:00:00,-0.28496972
2026-01-08 05:00:00,-0.7308179
2026-01-08 06:00:00,-1.150282
2026-01-08 07:00:00,-1.4707745
2026-01-08 08:00:00,-1.3284954
2026-01-08 09:00:00,-0.64153033
2026-01-08 10:00:00,0.08532137
2026-01-08 11:00:00,0.62595004
2026-01-08 12:00:00,0.96225446
2026-01-08 13:00:00,0.9991645
2026-01-08 14:00:00,0.70593977
2026-01-08 15:00:00,0.30162835
2026-01-08 16:00:00,-0.123559624
2026-01-08 17:00:00,-0.5340069
2026-01-08 18:00:00,-0.93228096
2026-01-08 19:00:00,-1.2810421
2026-01-08 20:00:00,-1.1992236
2026-01-08 21:00:00,-0.5202593
2026-01-08 22:00:00,0.18306239
2026-01-08 23:00:00,0.7166669
2026-01-09 00:00:00,1.0536357
2026-01-09 01:00:00,1.0913337
2026-01-09 02:00:00,0.7945997
2026-01-09 03:00:00,0.38249126
2026-01-09 04:00:00,-0.053014208
2026-01-09 05:00:00,-0.475352
2026-01-09 06:00:00,-0.8886399
2026-01-09 07:00:00,-1.2791548
2026-01-09 08:00:00,-1.486654
2026-01-09 09:00:00,-1.0612999
2026-01-09 10:00:00,-0.41086715
2026-01-09 11:00:00,0.24343434
2026-01-09 12:00:00,0.7006076
2026-01-09 13:00:00,0.9645218
2026-01-09 14:00:00,0.92338413
2026-01-09 15:00:00,0.6027691
2026-01-09 16:00:00,0.20631862
2026-01-09 17:00:00,-0.19629344
2026-01-09 18:00:00,-0.59339595
